{"cameraMode":{"drawMode":0,"name":"Shaded","section":"Shading Mode"},"sceneLighting":true,"audioPlay":false,"sceneViewState":{"showFog":true,"showMaterialUpdate":false,"showSkybox":true,"showFlares":true,"showImageEffects":true,"showParticleSystems":true},"in2DMode":false,"pivot":{"x":-9.400009155273438,"y":481.70001220703127,"z":0.0},"rotation":{"x":0.019492467865347863,"y":0.02549152448773384,"z":-0.0004971246817149222,"w":0.9994854927062988},"size":1699.35009765625,"orthographic":true}